Row,Label
1,positive
2,positive
3,positive
4,positive
5,negative
6,positive
7,negative
8,positive
9,positive
10,negative
11,positive
12,negative
13,negative
14,negative
15,positive
16,negative
17,positive
18,negative
19,positive
20,positive
21,positive
22,negative
23,negative
24,negative
25,positive
26,positive
27,positive
28,negative
29,negative
30,positive
31,positive
32,negative
33,negative
34,positive
35,negative
36,negative
37,positive
38,negative
39,negative
40,positive
41,negative
42,positive
43,positive
44,negative
45,negative
46,positive
47,negative
48,negative
49,negative
50,negative
51,positive
52,negative
53,positive
54,negative
55,negative
56,positive
57,positive
58,negative
59,negative
60,negative
61,negative
62,negative
63,positive
64,negative
65,negative
66,negative
67,positive
68,negative
69,negative
70,negative
71,positive
72,positive
73,negative
74,positive
75,positive
76,positive
77,positive
78,negative
79,positive
80,positive
81,positive
82,negative
83,negative
84,positive
85,negative
86,positive
87,negative
88,positive
89,positive
90,negative
91,negative
92,positive
93,positive
94,positive
95,positive
96,negative
97,positive
98,positive
99,positive
100,negative
101,positive
102,positive
103,negative
104,negative
105,positive
106,positive
107,positive
108,negative
109,negative
110,negative
111,positive
112,negative
113,negative
114,negative
115,negative
116,negative
117,negative
118,positive
119,negative
120,negative
121,positive
122,positive
123,negative
124,positive
125,positive
126,positive
127,positive
128,negative
129,negative
130,positive
131,positive
132,positive
133,positive
134,negative
135,positive
136,negative
137,negative
138,positive
139,positive
140,positive
141,positive
142,negative
143,negative
144,negative
145,negative
146,negative
147,negative
148,positive
149,negative
150,negative
151,positive
152,positive
153,negative
154,negative
155,positive
156,negative
157,positive
158,negative
159,negative
160,positive
161,negative
162,negative
163,positive
164,negative
165,negative
166,negative
167,negative
168,positive
169,positive
170,negative
171,positive
172,negative
173,positive
174,negative
175,positive
176,negative
177,negative
178,negative
179,positive
180,positive
181,negative
182,negative
183,positive
184,negative
185,positive
186,positive
187,negative
188,positive
189,negative
190,positive
191,positive
192,negative
193,positive
194,negative
195,positive
196,positive
197,negative
198,negative
199,negative
200,positive
201,positive
202,positive
203,negative
204,negative
205,negative
206,negative
207,positive
208,positive
209,positive
210,positive
211,negative
212,negative
213,positive
214,positive
215,negative
216,positive
217,positive
218,negative
219,negative
220,positive
221,negative
222,positive
223,negative
224,negative
225,positive
226,positive
227,positive
228,negative
229,positive
230,negative
231,positive
232,negative
233,positive
234,negative
235,negative
236,negative
237,positive
238,negative
239,negative
240,positive
241,negative
242,negative
243,positive
244,negative
245,positive
246,negative
247,positive
248,positive
249,negative
250,negative
251,positive
252,positive
253,negative
254,negative
255,positive
256,negative
257,positive
258,positive
259,negative
260,negative
261,negative
262,positive
263,negative
264,positive
265,negative
266,negative
267,positive
268,negative
269,negative
270,negative
271,positive
272,positive
273,negative
274,positive
275,negative
276,negative
277,positive
278,positive
279,negative
280,positive
281,positive
282,negative
283,negative
284,negative
285,negative
286,negative
287,positive
288,negative
289,negative
290,positive
291,positive
292,negative
293,positive
294,negative
295,positive
296,positive
297,positive
298,negative
299,positive
300,positive
301,negative
302,negative
303,positive
304,positive
305,positive
306,positive
307,positive
308,negative
309,negative
310,negative
311,negative
312,negative
313,negative
314,positive
315,positive
316,negative
317,positive
318,negative
319,positive
320,positive
321,negative
322,negative
323,positive
324,positive
325,positive
326,negative
327,negative
328,negative
329,positive
330,negative
331,positive
332,negative
333,positive
334,positive
335,positive
336,negative
337,positive
338,negative
339,positive
340,negative
341,negative
342,positive
343,negative
344,negative
345,positive
346,positive
347,negative
348,negative
349,negative
350,negative
351,positive
352,negative
353,negative
354,negative
355,negative
356,positive
357,negative
358,negative
359,positive
360,positive
361,positive
362,negative
363,positive
364,negative
365,positive
366,negative
367,negative
368,positive
369,positive
370,positive
371,positive
372,negative
373,negative
374,positive
375,negative
376,negative
377,negative
378,positive
379,positive
380,negative
381,negative
382,positive
383,positive
384,negative
385,positive
386,positive
387,positive
388,negative
389,positive
390,positive
391,positive
392,positive
393,positive
394,negative
395,negative
396,positive
397,negative
398,positive
399,positive
400,positive
401,positive
402,negative
403,negative
404,negative
405,positive
406,positive
407,positive
408,negative
409,positive
410,negative
411,negative
412,negative
413,positive
414,negative
415,positive
416,positive
417,positive
418,positive
419,positive
420,positive
421,positive
422,negative
423,positive
424,positive
425,positive
426,positive
427,negative
428,positive
429,positive
430,positive
431,negative
432,positive
433,negative
434,negative
435,negative
436,negative
437,positive
438,negative
439,negative
440,negative
441,positive
442,positive
443,positive
444,positive
445,negative
446,negative
447,positive
448,negative
449,positive
450,negative
451,positive
452,positive
453,positive
454,negative
455,negative
456,negative
457,negative
458,negative
459,positive
460,positive
461,positive
462,positive
463,positive
464,negative
465,positive
466,negative
467,negative
468,positive
469,positive
470,negative
471,positive
472,positive
473,negative
474,positive
475,negative
476,positive
477,positive
478,positive
479,negative
480,negative
481,negative
482,negative
483,positive
484,negative
485,positive
486,positive
487,negative
488,positive
489,negative
490,negative
491,negative
492,positive
493,negative
494,negative
495,positive
496,positive
497,positive
498,positive
499,positive
500,positive
